{
  "total_segments": 14,
  "segments": [
    {
      "segment_id": 1,
      "filename": "trial8_joint_7_segment_001.csv",
      "start_time": "0.001",
      "end_time": "4.795",
      "duration_seconds": 4.794,
      "sample_count": 95,
      "dominant_columns": [
        "joint_7"
      ],
      "column_variations": {
        "joint_7": {
          "std": 0.17120003099816833,
          "range": 0.56508,
          "combined_score": 0.09674171351644496
        }
      }
    },
    {
      "segment_id": 2,
      "filename": "trial8_joint_6_segment_002.csv",
      "start_time": "5.853",
      "end_time": "14.727",
      "duration_seconds": 8.874,
      "sample_count": 175,
      "dominant_columns": [
        "joint_6",
        "bracelet_link.x_hat",
        "bracelet_link.z_hat",
        "spherical_wrist_2_link.x",
        "spherical_wrist_1_link.x"
      ],
      "column_variations": {
        "joint_6": {
          "std": 0.3154383943782802,
          "range": 1.06714,
          "combined_score": 0.3366169281768379
        },
        "bracelet_link.x_hat": {
          "std": 0.2639791574861798,
          "range": 0.87502,
          "combined_score": 0.23098704238355705
        },
        "bracelet_link.z_hat": {
          "std": 0.16090684712539674,
          "range": 0.51729,
          "combined_score": 0.08323550294949648
        },
        "spherical_wrist_2_link.x": {
          "std": 0.04420465272950304,
          "range": 0.14652,
          "combined_score": 0.006476865717926786
        },
        "spherical_wrist_1_link.x": {
          "std": 0.04420216244351726,
          "range": 0.14652,
          "combined_score": 0.00647650084122415
        }
      }
    },
    {
      "segment_id": 3,
      "filename": "trial8_joint_5_segment_003.csv",
      "start_time": "15.776",
      "end_time": "21.386",
      "duration_seconds": 5.609999999999999,
      "sample_count": 111,
      "dominant_columns": [
        "joint_5",
        "spherical_wrist_2_link.x_hat",
        "bracelet_link.y_hat",
        "spherical_wrist_2_link.y_hat",
        "bracelet_link.x_hat"
      ],
      "column_variations": {
        "joint_5": {
          "std": 0.20015424947929325,
          "range": 0.66759,
          "combined_score": 0.13362097540988138
        },
        "spherical_wrist_2_link.x_hat": {
          "std": 0.18763251650419488,
          "range": 0.61871,
          "combined_score": 0.11609011428631041
        },
        "bracelet_link.y_hat": {
          "std": 0.1643359649619256,
          "range": 0.54189,
          "combined_score": 0.08905201605321786
        },
        "spherical_wrist_2_link.y_hat": {
          "std": 0.06791538492986689,
          "range": 0.21475,
          "combined_score": 0.014584828913688914
        },
        "bracelet_link.x_hat": {
          "std": 0.05947063856408734,
          "range": 0.18803999999999998,
          "combined_score": 0.011182858875590982
        }
      }
    },
    {
      "segment_id": 4,
      "filename": "trial8_joint_4_segment_004.csv",
      "start_time": "22.457",
      "end_time": "26.538",
      "duration_seconds": 4.0809999999999995,
      "sample_count": 81,
      "dominant_columns": [
        "joint_4",
        "spherical_wrist_1_link.x_hat",
        "bracelet_link.x_hat",
        "spherical_wrist_2_link.z_hat",
        "bracelet_link.z_hat"
      ],
      "column_variations": {
        "joint_4": {
          "std": 0.16685884410016882,
          "range": 0.54788,
          "combined_score": 0.0914186235056005
        },
        "spherical_wrist_1_link.x_hat": {
          "std": 0.1605157820884766,
          "range": 0.5206599999999999,
          "combined_score": 0.08357414710218622
        },
        "bracelet_link.x_hat": {
          "std": 0.10905905168123878,
          "range": 0.35194000000000003,
          "combined_score": 0.03838224264869518
        },
        "spherical_wrist_2_link.z_hat": {
          "std": 0.09936956320697221,
          "range": 0.32232,
          "combined_score": 0.03202879761287128
        },
        "bracelet_link.z_hat": {
          "std": 0.08867843841464786,
          "range": 0.28742999999999996,
          "combined_score": 0.02548884355352223
        }
      }
    },
    {
      "segment_id": 5,
      "filename": "trial8_joint_3_segment_005.csv",
      "start_time": "27.597",
      "end_time": "32.086",
      "duration_seconds": 4.488999999999997,
      "sample_count": 89,
      "dominant_columns": [
        "joint_3",
        "forearm_link.x_hat",
        "spherical_wrist_2_link.x_hat",
        "spherical_wrist_1_link.y_hat",
        "bracelet_link.y_hat"
      ],
      "column_variations": {
        "joint_3": {
          "std": 0.18337340526387533,
          "range": 0.6048,
          "combined_score": 0.1109042355035918
        },
        "forearm_link.x_hat": {
          "std": 0.17255541809397146,
          "range": 0.56789,
          "combined_score": 0.09799249638138545
        },
        "spherical_wrist_2_link.x_hat": {
          "std": 0.16431852927523635,
          "range": 0.53965,
          "combined_score": 0.08867449432338129
        },
        "spherical_wrist_1_link.y_hat": {
          "std": 0.08986709025402585,
          "range": 0.29576,
          "combined_score": 0.026579090613530688
        },
        "bracelet_link.y_hat": {
          "std": 0.08770966200592188,
          "range": 0.28685,
          "combined_score": 0.02515951654639869
        }
      }
    },
    {
      "segment_id": 6,
      "filename": "trial8_joint_2_segment_006.csv",
      "start_time": "33.132",
      "end_time": "36.702",
      "duration_seconds": 3.5700000000000003,
      "sample_count": 71,
      "dominant_columns": [
        "joint_2",
        "half_arm_2_link.x_hat",
        "bracelet_link.x_hat",
        "half_arm_1_link.x",
        "shoulder_link.x"
      ],
      "column_variations": {
        "joint_2": {
          "std": 0.1460020828887283,
          "range": 0.47369,
          "combined_score": 0.06915972664356171
        },
        "half_arm_2_link.x_hat": {
          "std": 0.14236241445075837,
          "range": 0.45602,
          "combined_score": 0.06492010823783483
        },
        "bracelet_link.x_hat": {
          "std": 0.13010664752603066,
          "range": 0.41567999999999994,
          "combined_score": 0.05408273124362042
        },
        "half_arm_1_link.x": {
          "std": 0.11542829865915935,
          "range": 0.36977,
          "combined_score": 0.04268192199519735
        },
        "shoulder_link.x": {
          "std": 0.11542817199444805,
          "range": 0.36977,
          "combined_score": 0.042681875158387055
        }
      }
    },
    {
      "segment_id": 7,
      "filename": "trial8_joint_1_segment_007.csv",
      "start_time": "37.767",
      "end_time": "41.541",
      "duration_seconds": 3.773999999999994,
      "sample_count": 75,
      "dominant_columns": [
        "joint_1",
        "half_arm_1_link.x_hat",
        "spherical_wrist_2_link.x_hat",
        "forearm_link.x_hat",
        "spherical_wrist_1_link.y_hat"
      ],
      "column_variations": {
        "joint_1": {
          "std": 0.15421150798926883,
          "range": 0.501,
          "combined_score": 0.07725996550262368
        },
        "half_arm_1_link.x_hat": {
          "std": 0.14721469487498567,
          "range": 0.47974,
          "combined_score": 0.07062477771932563
        },
        "spherical_wrist_2_link.x_hat": {
          "std": 0.14534727013306833,
          "range": 0.47345,
          "combined_score": 0.0688146650445012
        },
        "forearm_link.x_hat": {
          "std": 0.14046303750956837,
          "range": 0.45684,
          "combined_score": 0.06416913405587121
        },
        "spherical_wrist_1_link.y_hat": {
          "std": 0.12478102250865838,
          "range": 0.40617000000000003,
          "combined_score": 0.05068230791234178
        }
      }
    },
    {
      "segment_id": 8,