{
  "total_segments": 14,
  "segments": [
    {
      "segment_id": 1,
      "filename": "trial3_joint_7_segment_001.csv",
      "start_time": "0.001",
      "end_time": "8.927",
      "duration_seconds": 8.926,
      "sample_count": 176,
      "dominant_columns": [
        "joint_7"
      ],
      "column_variations": {
        "joint_7": {
          "std": 0.3171101350046216,
          "range": 1.06712,
          "combined_score": 0.3383945672661318
        }
      }
    },
    {
      "segment_id": 2,
      "filename": "trial3_joint_6_segment_002.csv",
      "start_time": "9.969",
      "end_time": "12.978",
      "duration_seconds": 3.0090000000000003,
      "sample_count": 60,
      "dominant_columns": [
        "joint_6",
        "bracelet_link.x_hat",
        "bracelet_link.z_hat",
        "shoulder_link.x",
        "half_arm_1_link.x"
      ],
      "column_variations": {
        "joint_6": {
          "std": 0.1081482409555498,
          "range": 0.35108,
          "combined_score": 0.037968684434674424
        },
        "bracelet_link.x_hat": {
          "std": 0.10541886968855448,
          "range": 0.34347,
          "combined_score": 0.036208219171927805
        },
        "bracelet_link.z_hat": {
          "std": 0.019562907264763018,
          "range": 0.06108999999999998,
          "combined_score": 0.0011950980048043723
        },
        "shoulder_link.x": {
          "std": 0.01766413521384807,
          "range": 0.057550000000000004,
          "combined_score": 0.0010165709815569564
        },
        "half_arm_1_link.x": {
          "std": 0.01766413521384807,
          "range": 0.057550000000000004,
          "combined_score": 0.0010165709815569564
        }
      }
    },
    {
      "segment_id": 3,
      "filename": "trial3_joint_5_segment_003.csv",
      "start_time": "14.055",
      "end_time": "20.277",
      "duration_seconds": 6.222000000000001,
      "sample_count": 123,
      "dominant_columns": [
        "joint_5",
        "spherical_wrist_2_link.x_hat",
        "spherical_wrist_2_link.y_hat",
        "bracelet_link.y_hat",
        "bracelet_link.x_hat"
      ],
      "column_variations": {
        "joint_5": {
          "std": 0.22174495645990952,
          "range": 0.7412000000000001,
          "combined_score": 0.16435736172808496
        },
        "spherical_wrist_2_link.x_hat": {
          "std": 0.2036646620417678,
          "range": 0.6744699999999999,
          "combined_score": 0.13736570460731112
        },
        "spherical_wrist_2_link.y_hat": {
          "std": 0.08276339099483788,
          "range": 0.26256,
          "combined_score": 0.021730355939604637
        },
        "bracelet_link.y_hat": {
          "std": 0.07003202640852384,
          "range": 0.23193,
          "combined_score": 0.016242527884928932
        },
        "bracelet_link.x_hat": {
          "std": 0.028475715557811504,
          "range": 0.09033999999999998,
          "combined_score": 0.0025724961434926905
        }
      }
    },
    {
      "segment_id": 4,
      "filename": "trial3_joint_4_segment_004.csv",
      "start_time": "21.343",
      "end_time": "26.392",
      "duration_seconds": 5.0489999999999995,
      "sample_count": 100,
      "dominant_columns": [
        "joint_4",
        "bracelet_link.x_hat",
        "spherical_wrist_1_link.x_hat",
        "spherical_wrist_2_link.z_hat",
        "forearm_link.x"
      ],
      "column_variations": {
        "joint_4": {
          "std": 0.20581806141600012,
          "range": 0.6783899999999999,
          "combined_score": 0.13962491468400032
        },
        "bracelet_link.x_hat": {
          "std": 0.19789929791107638,
          "range": 0.64522,
          "combined_score": 0.1276885849981847
        },
        "spherical_wrist_1_link.x_hat": {
          "std": 0.19226775235046306,
          "range": 0.6273200000000001,
          "combined_score": 0.1206134064044925
        },
        "spherical_wrist_2_link.z_hat": {
          "std": 0.12981541006888794,
          "range": 0.42355,
          "combined_score": 0.054983316934677486
        },
        "forearm_link.x": {
          "std": 0.09355786708948283,
          "range": 0.30519999999999997,
          "combined_score": 0.028553861035710157
        }
      }
    },
    {
      "segment_id": 5,
      "filename": "trial3_joint_3_segment_005.csv",
      "start_time": "27.426",
      "end_time": "33.242",
      "duration_seconds": 5.815999999999999,
      "sample_count": 115,
      "dominant_columns": [
        "joint_3",
        "forearm_link.x_hat",
        "spherical_wrist_2_link.y_hat",
        "spherical_wrist_1_link.y_hat",
        "spherical_wrist_2_link.x_hat"
      ],
      "column_variations": {
        "joint_3": {
          "std": 0.23693409987575856,
          "range": 0.7887299999999999,
          "combined_score": 0.18687703259500704
        },
        "forearm_link.x_hat": {
          "std": 0.21339991299313302,
          "range": 0.70933,
          "combined_score": 0.15137096028341904
        },
        "spherical_wrist_2_link.y_hat": {
          "std": 0.17858703840692502,
          "range": 0.59075,
          "combined_score": 0.10550029293889096
        },
        "spherical_wrist_1_link.y_hat": {
          "std": 0.13392116585427455,
          "range": 0.44515,
          "combined_score": 0.05961500698003031
        },
        "spherical_wrist_2_link.x_hat": {
          "std": 0.11167350597323399,
          "range": 0.3678800000000001,
          "combined_score": 0.04108244937743333
        }
      }
    },
    {
      "segment_id": 6,
      "filename": "trial3_joint_2_segment_006.csv",
      "start_time": "34.308",
      "end_time": "37.216",
      "duration_seconds": 2.9080000000000013,
      "sample_count": 58,
      "dominant_columns": [
        "joint_2",
        "half_arm_2_link.x_hat",
        "spherical_wrist_2_link.z_hat",
        "bracelet_link.x_hat",
        "spherical_wrist_1_link.x_hat"
      ],
      "column_variations": {
        "joint_2": {
          "std": 0.11896525645017751,
          "range": 0.37967,
          "combined_score": 0.0451675389164389
        },
        "half_arm_2_link.x_hat": {
          "std": 0.11530176515785803,
          "range": 0.36948,
          "combined_score": 0.04260169619052538
        },
        "spherical_wrist_2_link.z_hat": {
          "std": 0.11273940710330546,
          "range": 0.36046999999999996,
          "combined_score": 0.04063917407852852
        },
        "bracelet_link.x_hat": {
          "std": 0.11272099248428603,
          "range": 0.36038000000000003,
          "combined_score": 0.04062239127148701
        },
        "spherical_wrist_1_link.x_hat": {
          "std": 0.09987764316580422,
          "range": 0.3192,
          "combined_score": 0.031880943698524705
        }
      }
    },
    {
      "segment_id": 7,
      "filename": "trial3_joint_1_segment_007.csv",
      "start_time": "38.242",
      "end_time": "45.587",
      "duration_seconds": 7.345000000000006,
      "sample_count": 145,
      "dominant_columns": [
        "joint_1",
        "spherical_wrist_2_link.y_hat",
        "forearm_link.y_hat",
        "half_arm_1_link.x_hat",
        "half_arm_1_link.y_hat"
      ],
      "column_variations": {
        "joint_1": {
          "std": 0.29856966126467227,
          "range": 0.99911,
          "combined_score": 0.2983039342661467
        },
        "spherical_wrist_2_link.y_hat": {
          "std": 0.2713529016425959,
          "range": 0.8976299999999999,
          "combined_score": 0.24357450510144335
        },
        "forearm_link.y_hat": {
          "std": 0.26602518102698586,
          "range": 0.87766,
          "combined_score": 0.2334796603801444
        },
        "half_arm_1_link.x_hat": {
          "std": 0.2543894819996303,
          "range": 0.84091,
          "combined_score": 0.2139186593083091
        },
        "half_arm_1_link.y_hat": {
          "std": 0.14396042858388394,