{
  "total_segments": 14,
  "segments": [
    {
      "segment_id": 1,
      "filename": "trial5_joint_7_segment_001.csv",
      "start_time": "0.002",
      "end_time": "6.837",
      "duration_seconds": 6.835,
      "sample_count": 135,
      "dominant_columns": [
        "joint_7"
      ],
      "column_variations": {
        "joint_7": {
          "std": 0.24323271220943168,
          "range": 0.8096399999999999,
          "combined_score": 0.19693093311324425
        }
      }
    },
    {
      "segment_id": 2,
      "filename": "trial5_joint_6_segment_002.csv",
      "start_time": "7.862",
      "end_time": "13.166",
      "duration_seconds": 5.304,
      "sample_count": 105,
      "dominant_columns": [
        "joint_6",
        "bracelet_link.x_hat",
        "bracelet_link.z_hat",
        "shoulder_link.x",
        "half_arm_1_link.x"
      ],
      "column_variations": {
        "joint_6": {
          "std": 0.18919579552665375,
          "range": 0.62642,
          "combined_score": 0.11851603023380644
        },
        "bracelet_link.x_hat": {
          "std": 0.17863423781894064,
          "range": 0.58592,
          "combined_score": 0.1046653726228737
        },
        "bracelet_link.z_hat": {
          "std": 0.06063115049319289,
          "range": 0.18984999999999996,
          "combined_score": 0.011510823921132668
        },
        "shoulder_link.x": {
          "std": 0.029918990454200402,
          "range": 0.09813,
          "combined_score": 0.0029359505332706855
        },
        "half_arm_1_link.x": {
          "std": 0.0299188580870121,
          "range": 0.09813,
          "combined_score": 0.002935937544078497
        }
      }
    },
    {
      "segment_id": 3,
      "filename": "trial5_joint_5_segment_003.csv",
      "start_time": "14.186",
      "end_time": "22.244",
      "duration_seconds": 8.058,
      "sample_count": 159,
      "dominant_columns": [
        "joint_5",
        "spherical_wrist_2_link.x_hat",
        "bracelet_link.y_hat",
        "spherical_wrist_2_link.y_hat",
        "bracelet_link.x_hat"
      ],
      "column_variations": {
        "joint_5": {
          "std": 0.2866097414032397,
          "range": 0.9663200000000001,
          "combined_score": 0.2769567253127786
        },
        "spherical_wrist_2_link.x_hat": {
          "std": 0.24783081669316737,
          "range": 0.82277,
          "combined_score": 0.20390776105063732
        },
        "bracelet_link.y_hat": {
          "std": 0.1453019147680988,
          "range": 0.48239,
          "combined_score": 0.07009219066498318
        },
        "spherical_wrist_2_link.y_hat": {
          "std": 0.1340278470272193,
          "range": 0.43127000000000004,
          "combined_score": 0.057802189587428866
        },
        "bracelet_link.x_hat": {
          "std": 0.07863877640871143,
          "range": 0.25306,
          "combined_score": 0.019900328757988518
        }
      }
    },
    {
      "segment_id": 4,
      "filename": "trial5_joint_4_segment_004.csv",
      "start_time": "23.321",
      "end_time": "30.972",
      "duration_seconds": 7.651,
      "sample_count": 151,
      "dominant_columns": [
        "joint_4",
        "spherical_wrist_1_link.x_hat",
        "spherical_wrist_2_link.z_hat",
        "bracelet_link.z_hat",
        "bracelet_link.x_hat"
      ],
      "column_variations": {
        "joint_4": {
          "std": 0.310926494219529,
          "range": 1.04061,
          "combined_score": 0.3235532191497841
        },
        "spherical_wrist_1_link.x_hat": {
          "std": 0.26247519776355144,
          "range": 0.86241,
          "combined_score": 0.2263612353032644
        },
        "spherical_wrist_2_link.z_hat": {
          "std": 0.21596278684744255,
          "range": 0.70958,
          "combined_score": 0.15324287429120828
        },
        "bracelet_link.z_hat": {
          "std": 0.21116610178048362,
          "range": 0.68753,
          "combined_score": 0.1451830299571359
        },
        "bracelet_link.x_hat": {
          "std": 0.16401770143908195,
          "range": 0.534,
          "combined_score": 0.08758545256846977
        }
      }
    },
    {
      "segment_id": 5,
      "filename": "trial5_joint_3_segment_005.csv",
      "start_time": "32.005",
      "end_time": "36.595",
      "duration_seconds": 4.589999999999996,
      "sample_count": 91,
      "dominant_columns": [
        "joint_3",
        "forearm_link.x_hat",
        "spherical_wrist_1_link.y_hat",
        "bracelet_link.x_hat",
        "bracelet_link.y_hat"
      ],
      "column_variations": {
        "joint_3": {
          "std": 0.18727846134039777,
          "range": 0.61507,
          "combined_score": 0.11518936321663846
        },
        "forearm_link.x_hat": {
          "std": 0.17512505455856164,
          "range": 0.57622,
          "combined_score": 0.10091055893773439
        },
        "spherical_wrist_1_link.y_hat": {
          "std": 0.1510686826436163,
          "range": 0.49706,
          "combined_score": 0.07509019939483592
        },
        "bracelet_link.x_hat": {
          "std": 0.1336978321979539,
          "range": 0.43668000000000007,
          "combined_score": 0.058383169364202514
        },
        "bracelet_link.y_hat": {
          "std": 0.12515460257298358,
          "range": 0.41152,
          "combined_score": 0.051503622050834204
        }
      }
    },
    {
      "segment_id": 6,
      "filename": "trial5_joint_2_segment_006.csv",
      "start_time": "37.633",
      "end_time": "41.764",
      "duration_seconds": 4.131,
      "sample_count": 82,
      "dominant_columns": [
        "joint_2",
        "half_arm_2_link.x_hat",
        "spherical_wrist_2_link.x_hat",
        "spherical_wrist_1_link.z_hat",
        "forearm_link.z_hat"
      ],
      "column_variations": {
        "joint_2": {
          "std": 0.16882244498580348,
          "range": 0.55369,
          "combined_score": 0.09347529956418953
        },
        "half_arm_2_link.x_hat": {
          "std": 0.1620357381016978,
          "range": 0.52554,
          "combined_score": 0.08515626180196627
        },
        "spherical_wrist_2_link.x_hat": {
          "std": 0.14629240431028148,
          "range": 0.47268999999999994,
          "combined_score": 0.06915095659342695
        },
        "spherical_wrist_1_link.z_hat": {
          "std": 0.13783881577215046,
          "range": 0.44583000000000006,
          "combined_score": 0.061452679235697846
        },
        "forearm_link.z_hat": {
          "std": 0.09344639874901489,
          "range": 0.30308,
          "combined_score": 0.028321734532851434
        }
      }
    },
    {
      "segment_id": 7,
      "filename": "trial5_joint_1_segment_007.csv",
      "start_time": "42.822",
      "end_time": "49.758",
      "duration_seconds": 6.936,
      "sample_count": 137,
      "dominant_columns": [
        "joint_1",
        "spherical_wrist_1_link.y_hat",
        "forearm_link.x_hat",
        "half_arm_1_link.x_hat",
        "bracelet_link.y_hat"
      ],
      "column_variations": {
        "joint_1": {
          "std": 0.28209042765068204,
          "range": 0.9420799999999999,
          "combined_score": 0.26575175008115454
        },
        "spherical_wrist_1_link.y_hat": {
          "std": 0.2744678251367046,
          "range": 0.90396,
          "combined_score": 0.24810793521057548
        },
        "forearm_link.x_hat": {
          "std": 0.26176353727720486,
          "range": 0.86199,
          "combined_score": 0.22563755149757783
        },
        "half_arm_1_link.x_hat": {
          "std": 0.244877300283376,
          "range": 0.80777,
          "combined_score": 0.19780453684990262
        },
        "bracelet_link.y_hat": {
          "std": 0.21944706574730738,
          "range": 0.7161899999999999,
          "combined_score": 0.15716579401756406
        }
      }
    },
    {
      "segment_id": 8,
      "filename": "trial5_joint_1_segment_008.csv",