{
  "total_segments": 14,
  "segments": [
    {
      "segment_id": 1,
      "filename": "trial11_joint_7_segment_001.csv",
      "start_time": "0.981",
      "end_time": "3.684",
      "duration_seconds": 2.7030000000000003,
      "sample_count": 54,
      "dominant_columns": [
        "joint_7"
      ],
      "column_variations": {
        "joint_7": {
          "std": 0.09717740108564854,
          "range": 0.31196999999999997,
          "combined_score": 0.03031643381668977
        }
      }
    },
    {
      "segment_id": 2,
      "filename": "trial11_joint_6_segment_002.csv",
      "start_time": "4.719",
      "end_time": "7.932",
      "duration_seconds": 3.213,
      "sample_count": 64,
      "dominant_columns": [
        "joint_6",
        "bracelet_link.x_hat",
        "bracelet_link.y_hat",
        "shoulder_link.x",
        "half_arm_1_link.x"
      ],
      "column_variations": {
        "joint_6": {
          "std": 0.11511094700251782,
          "range": 0.37121000000000004,
          "combined_score": 0.042730334636804645
        },
        "bracelet_link.x_hat": {
          "std": 0.11105070940476064,
          "range": 0.35807,
          "combined_score": 0.039763927516562644
        },
        "bracelet_link.y_hat": {
          "std": 0.026878383884417146,
          "range": 0.08654,
          "combined_score": 0.00232605534135746
        },
        "shoulder_link.x": {
          "std": 0.018610188645034467,
          "range": 0.060000000000000005,
          "combined_score": 0.001116611318702068
        },
        "half_arm_1_link.x": {
          "std": 0.018610088090738303,
          "range": 0.060009999999999994,
          "combined_score": 0.0011167913863252053
        }
      }
    },
    {
      "segment_id": 3,
      "filename": "trial11_joint_5_segment_003.csv",
      "start_time": "8.952",
      "end_time": "15.837",
      "duration_seconds": 6.885,
      "sample_count": 136,
      "dominant_columns": [
        "joint_5",
        "spherical_wrist_2_link.x_hat",
        "spherical_wrist_2_link.y_hat",
        "spherical_wrist_2_link.z_hat",
        "bracelet_link.y_hat"
      ],
      "column_variations": {
        "joint_5": {
          "std": 0.24513377853668636,
          "range": 0.8210500000000001,
          "combined_score": 0.20126708886754635
        },
        "spherical_wrist_2_link.x_hat": {
          "std": 0.1871279664019019,
          "range": 0.6192899999999999,
          "combined_score": 0.11588647831303381
        },
        "spherical_wrist_2_link.y_hat": {
          "std": 0.15024313798820754,
          "range": 0.48922,
          "combined_score": 0.07350194796659089
        },
        "spherical_wrist_2_link.z_hat": {
          "std": 0.03422717575698533,
          "range": 0.11312000000000001,
          "combined_score": 0.0038717781216301805
        },
        "bracelet_link.y_hat": {
          "std": 0.008525750812840939,
          "range": 0.028220000000000002,
          "combined_score": 0.00024059668793837132
        }
      }
    },
    {
      "segment_id": 4,
      "filename": "trial11_joint_4_segment_004.csv",
      "start_time": "16.887",
      "end_time": "23.874",
      "duration_seconds": 6.986999999999998,
      "sample_count": 138,
      "dominant_columns": [
        "joint_4",
        "bracelet_link.x_hat",
        "spherical_wrist_1_link.x_hat",
        "spherical_wrist_2_link.z_hat",
        "spherical_wrist_1_link.z_hat"
      ],
      "column_variations": {
        "joint_4": {
          "std": 0.28419171010978356,
          "range": 0.9504799999999999,
          "combined_score": 0.27011853662514707
        },
        "bracelet_link.x_hat": {
          "std": 0.2164070172844528,
          "range": 0.71131,
          "combined_score": 0.15393247546460412
        },
        "spherical_wrist_1_link.x_hat": {
          "std": 0.21399381729096795,
          "range": 0.70327,
          "combined_score": 0.15049543188621903
        },
        "spherical_wrist_2_link.z_hat": {
          "std": 0.20333358991732028,
          "range": 0.66821,
          "combined_score": 0.13586953811865257
        },
        "spherical_wrist_1_link.z_hat": {
          "std": 0.17770636041778762,
          "range": 0.57422,
          "combined_score": 0.102042546279102
        }
      }
    },
    {
      "segment_id": 5,
      "filename": "trial11_joint_3_segment_005.csv",
      "start_time": "24.925",
      "end_time": "31.708",
      "duration_seconds": 6.782999999999998,
      "sample_count": 134,
      "dominant_columns": [
        "joint_3",
        "forearm_link.x_hat",
        "spherical_wrist_1_link.y_hat",
        "bracelet_link.y_hat",
        "forearm_link.y_hat"
      ],
      "column_variations": {
        "joint_3": {
          "std": 0.27591375665322065,
          "range": 0.92083,
          "combined_score": 0.25406966453898516
        },
        "forearm_link.x_hat": {
          "std": 0.22087735728350055,
          "range": 0.7267299999999999,
          "combined_score": 0.16051820185863833
        },
        "spherical_wrist_1_link.y_hat": {
          "std": 0.1995381037896559,
          "range": 0.65652,
          "combined_score": 0.1310007558999849
        },
        "bracelet_link.y_hat": {
          "std": 0.19139772202139219,
          "range": 0.6295,
          "combined_score": 0.12048486601246637
        },
        "forearm_link.y_hat": {
          "std": 0.15873496393500103,
          "range": 0.50993,
          "combined_score": 0.08094372015937508
        }
      }
    },
    {
      "segment_id": 6,
      "filename": "trial11_joint_2_segment_006.csv",
      "start_time": "32.752",
      "end_time": "36.322",
      "duration_seconds": 3.5700000000000003,
      "sample_count": 71,
      "dominant_columns": [
        "joint_2",
        "half_arm_2_link.x_hat",
        "spherical_wrist_2_link.x_hat",
        "forearm_link.z_hat",
        "shoulder_link.x"
      ],
      "column_variations": {
        "joint_2": {
          "std": 0.14584904047253983,
          "range": 0.47111000000000003,
          "combined_score": 0.06871094145701824
        },
        "half_arm_2_link.x_hat": {
          "std": 0.14033240347371043,
          "range": 0.45548,
          "combined_score": 0.06391860313420562
        },
        "spherical_wrist_2_link.x_hat": {
          "std": 0.12197468904822206,
          "range": 0.39569,
          "combined_score": 0.048264164709490985
        },
        "forearm_link.z_hat": {
          "std": 0.12176773756603887,
          "range": 0.39522,
          "combined_score": 0.04812504524084989
        },
        "shoulder_link.x": {
          "std": 0.09518355234568027,
          "range": 0.30843,
          "combined_score": 0.029357463049978164
        }
      }
    },
    {
      "segment_id": 7,
      "filename": "trial11_joint_1_segment_007.csv",
      "start_time": "37.332",
      "end_time": "42.738",
      "duration_seconds": 5.405999999999999,
      "sample_count": 107,
      "dominant_columns": [
        "joint_1",
        "half_arm_1_link.x_hat",
        "forearm_link.x_hat",
        "bracelet_link.x_hat",
        "spherical_wrist_1_link.x_hat"
      ],
      "column_variations": {
        "joint_1": {
          "std": 0.22022007213605654,
          "range": 0.7273799999999999,
          "combined_score": 0.1601836760703248
        },
        "half_arm_1_link.x_hat": {
          "std": 0.20476433199741967,
          "range": 0.6700999999999999,
          "combined_score": 0.1372125788714709
        },
        "forearm_link.x_hat": {
          "std": 0.16003692486157706,
          "range": 0.52038,
          "combined_score": 0.08328001495946746
        },
        "bracelet_link.x_hat": {
          "std": 0.1503272432915285,
          "range": 0.49180999999999997,
          "combined_score": 0.07393244152320662
        },
        "spherical_wrist_1_link.x_hat": {
          "std": 0.1443449574220338,
          "range": 0.47213000000000005,