{
  "total_segments": 14,
  "segments": [
    {
      "segment_id": 1,
      "filename": "trial12_joint_7_segment_001.csv",
      "start_time": "0.872",
      "end_time": "7.859",
      "duration_seconds": 6.987,
      "sample_count": 138,
      "dominant_columns": [
        "joint_7"
      ],
      "column_variations": {
        "joint_7": {
          "std": 0.2486286648870508,
          "range": 0.82943,
          "combined_score": 0.20622007351726654
        }
      }
    },
    {
      "segment_id": 2,
      "filename": "trial12_joint_6_segment_002.csv",
      "start_time": "8.896",
      "end_time": "14.2",
      "duration_seconds": 5.3039999999999985,
      "sample_count": 105,
      "dominant_columns": [
        "joint_6",
        "bracelet_link.x_hat",
        "bracelet_link.z_hat",
        "spherical_wrist_2_link.x",
        "spherical_wrist_1_link.x"
      ],
      "column_variations": {
        "joint_6": {
          "std": 0.18932904169454393,
          "range": 0.62995,
          "combined_score": 0.11926782981547795
        },
        "bracelet_link.x_hat": {
          "std": 0.17789898078576893,
          "range": 0.58858,
          "combined_score": 0.10470778211088788
        },
        "bracelet_link.z_hat": {
          "std": 0.05915766872435981,
          "range": 0.19157999999999997,
          "combined_score": 0.011333426174212851
        },
        "spherical_wrist_2_link.x": {
          "std": 0.02978994159507694,
          "range": 0.09857,
          "combined_score": 0.002936394543026734
        },
        "spherical_wrist_1_link.x": {
          "std": 0.029788945132485426,
          "range": 0.09856000000000001,
          "combined_score": 0.002935998432257764
        }
      }
    },
    {
      "segment_id": 3,
      "filename": "trial12_joint_5_segment_003.csv",
      "start_time": "15.219",
      "end_time": "20.319",
      "duration_seconds": 5.1,
      "sample_count": 101,
      "dominant_columns": [
        "joint_5",
        "spherical_wrist_2_link.x_hat",
        "bracelet_link.y_hat",
        "spherical_wrist_2_link.y_hat",
        "bracelet_link.x_hat"
      ],
      "column_variations": {
        "joint_5": {
          "std": 0.18206355490366108,
          "range": 0.6035799999999999,
          "combined_score": 0.10988992046875173
        },
        "spherical_wrist_2_link.x_hat": {
          "std": 0.17172498888335996,
          "range": 0.56761,
          "combined_score": 0.09747282094008394
        },
        "bracelet_link.y_hat": {
          "std": 0.10116533456282306,
          "range": 0.33438,
          "combined_score": 0.03382766457111678
        },
        "spherical_wrist_2_link.y_hat": {
          "std": 0.0552633828977826,
          "range": 0.17669999999999997,
          "combined_score": 0.009765039758038184
        },
        "bracelet_link.x_hat": {
          "std": 0.032580951472774504,
          "range": 0.10417000000000004,
          "combined_score": 0.0033939577149189213
        }
      }
    },
    {
      "segment_id": 4,
      "filename": "trial12_joint_4_segment_004.csv",
      "start_time": "21.358",
      "end_time": "29.008",
      "duration_seconds": 7.649999999999999,
      "sample_count": 151,
      "dominant_columns": [
        "joint_4",
        "bracelet_link.x_hat",
        "spherical_wrist_1_link.x_hat",
        "spherical_wrist_1_link.z_hat",
        "spherical_wrist_2_link.z_hat"
      ],
      "column_variations": {
        "joint_4": {
          "std": 0.31090884488734516,
          "range": 1.0413,
          "combined_score": 0.3237493801811925
        },
        "bracelet_link.x_hat": {
          "std": 0.2841551834522338,
          "range": 0.9373199999999999,
          "combined_score": 0.26634433655344775
        },
        "spherical_wrist_1_link.x_hat": {
          "std": 0.26288923383794716,
          "range": 0.86299,
          "combined_score": 0.22687077990981003
        },
        "spherical_wrist_1_link.z_hat": {
          "std": 0.15371486963376504,
          "range": 0.49495,
          "combined_score": 0.07608117472523201
        },
        "spherical_wrist_2_link.z_hat": {
          "std": 0.14925847443643026,
          "range": 0.48996999999999996,
          "combined_score": 0.07313217471961772
        }
      }
    },
    {
      "segment_id": 5,
      "filename": "trial12_joint_3_segment_005.csv",
      "start_time": "30.03",
      "end_time": "35.233",
      "duration_seconds": 5.202999999999996,
      "sample_count": 103,
      "dominant_columns": [
        "joint_3",
        "forearm_link.x_hat",
        "spherical_wrist_2_link.x_hat",
        "spherical_wrist_1_link.y_hat",
        "bracelet_link.x_hat"
      ],
      "column_variations": {
        "joint_3": {
          "std": 0.21198666568164795,
          "range": 0.6986300000000001,
          "combined_score": 0.14810024424516974
        },
        "forearm_link.x_hat": {
          "std": 0.19649626279859134,
          "range": 0.64309,
          "combined_score": 0.1263647816431461
        },
        "spherical_wrist_2_link.x_hat": {
          "std": 0.18225112132759724,
          "range": 0.59658,
          "combined_score": 0.10872737396161797
        },
        "spherical_wrist_1_link.y_hat": {
          "std": 0.1695991572966669,
          "range": 0.55506,
          "combined_score": 0.09413770824908793
        },
        "bracelet_link.x_hat": {
          "std": 0.09832789850255716,
          "range": 0.32099,
          "combined_score": 0.03156227214033582
        }
      }
    },
    {
      "segment_id": 6,
      "filename": "trial12_joint_2_segment_006.csv",
      "start_time": "36.266",
      "end_time": "41.366",
      "duration_seconds": 5.100000000000001,
      "sample_count": 101,
      "dominant_columns": [
        "joint_2",
        "half_arm_2_link.x_hat",
        "bracelet_link.x_hat",
        "half_arm_1_link.x",
        "shoulder_link.x"
      ],
      "column_variations": {
        "joint_2": {
          "std": 0.208018083931505,
          "range": 0.6889299999999999,
          "combined_score": 0.14330989856293172
        },
        "half_arm_2_link.x_hat": {
          "std": 0.19452558355930746,
          "range": 0.6356200000000001,
          "combined_score": 0.12364435142196703
        },
        "bracelet_link.x_hat": {
          "std": 0.16977401151105093,
          "range": 0.5552900000000001,
          "combined_score": 0.09427381085197148
        },
        "half_arm_1_link.x": {
          "std": 0.15481127320318788,
          "range": 0.50666,
          "combined_score": 0.07843667968112718
        },
        "shoulder_link.x": {
          "std": 0.15481105060225597,
          "range": 0.50666,
          "combined_score": 0.078436566898139
        }
      }
    },
    {
      "segment_id": 7,
      "filename": "trial12_joint_1_segment_007.csv",
      "start_time": "42.403",
      "end_time": "49.442",
      "duration_seconds": 7.0390000000000015,
      "sample_count": 139,
      "dominant_columns": [
        "joint_1",
        "forearm_link.x_hat",
        "half_arm_1_link.x_hat",
        "spherical_wrist_2_link.x_hat",
        "bracelet_link.x_hat"
      ],
      "column_variations": {
        "joint_1": {
          "std": 0.2862448501067337,
          "range": 0.95591,
          "combined_score": 0.2736243146655278
        },
        "forearm_link.x_hat": {
          "std": 0.25349925600097045,
          "range": 0.83565,
          "combined_score": 0.21183665327721096
        },
        "half_arm_1_link.x_hat": {
          "std": 0.24811905944720045,
          "range": 0.8168599999999999,
          "combined_score": 0.20267853490004015
        },
        "spherical_wrist_2_link.x_hat": {
          "std": 0.19305734395650856,
          "range": 0.63498,
          "combined_score": 0.1225875522655038
        },
        "bracelet_link.x_hat": {
          "std": 0.190079222735477,
          "range": 0.6264,