{
  "total_segments": 14,
  "segments": [
    {
      "segment_id": 1,
      "filename": "trial4_joint_7_segment_001.csv",
      "start_time": "0.001",
      "end_time": "5.51",
      "duration_seconds": 5.5089999999999995,
      "sample_count": 109,
      "dominant_columns": [
        "joint_7"
      ],
      "column_variations": {
        "joint_7": {
          "std": 0.19629911324811064,
          "range": 0.64779,
          "combined_score": 0.1271606025709936
        }
      }
    },
    {
      "segment_id": 2,
      "filename": "trial4_joint_6_segment_002.csv",
      "start_time": "6.527",
      "end_time": "9.283",
      "duration_seconds": 2.7559999999999993,
      "sample_count": 55,
      "dominant_columns": [
        "joint_6",
        "bracelet_link.z_hat",
        "bracelet_link.y_hat",
        "spherical_wrist_2_link.z",
        "spherical_wrist_1_link.z"
      ],
      "column_variations": {
        "joint_6": {
          "std": 0.09909577357420123,
          "range": 0.31918,
          "combined_score": 0.03162938900941355
        },
        "bracelet_link.z_hat": {
          "std": 0.08127658377769326,
          "range": 0.26220999999999994,
          "combined_score": 0.021311533032348944
        },
        "bracelet_link.y_hat": {
          "std": 0.055010717705657894,
          "range": 0.17815999999999999,
          "combined_score": 0.00980070946644001
        },
        "spherical_wrist_2_link.z": {
          "std": 0.013610195999746482,
          "range": 0.043910000000000005,
          "combined_score": 0.0005976237063488681
        },
        "spherical_wrist_1_link.z": {
          "std": 0.01360820584042166,
          "range": 0.043899999999999995,
          "combined_score": 0.0005974002363945107
        }
      }
    },
    {
      "segment_id": 3,
      "filename": "trial4_joint_5_segment_003.csv",
      "start_time": "10.352",
      "end_time": "14.484",
      "duration_seconds": 4.132,
      "sample_count": 82,
      "dominant_columns": [
        "joint_5",
        "spherical_wrist_2_link.y_hat",
        "bracelet_link.x_hat",
        "spherical_wrist_2_link.z_hat",
        "bracelet_link.z_hat"
      ],
      "column_variations": {
        "joint_5": {
          "std": 0.147638770605158,
          "range": 0.48253999999999997,
          "combined_score": 0.07124161236781294
        },
        "spherical_wrist_2_link.y_hat": {
          "std": 0.13462976873898894,
          "range": 0.43791,
          "combined_score": 0.05895572202849065
        },
        "bracelet_link.x_hat": {
          "std": 0.08619884136026337,
          "range": 0.28053,
          "combined_score": 0.024181360966794685
        },
        "spherical_wrist_2_link.z_hat": {
          "std": 0.058447268715055664,
          "range": 0.19046,
          "combined_score": 0.011131866799469502
        },
        "bracelet_link.z_hat": {
          "std": 0.030152797192225918,
          "range": 0.09739999999999999,
          "combined_score": 0.002936882446522804
        }
      }
    },
    {
      "segment_id": 4,
      "filename": "trial4_joint_4_segment_004.csv",
      "start_time": "15.49",
      "end_time": "21.203",
      "duration_seconds": 5.712999999999999,
      "sample_count": 113,
      "dominant_columns": [
        "joint_4",
        "bracelet_link.z_hat",
        "spherical_wrist_1_link.z_hat",
        "spherical_wrist_1_link.y_hat",
        "spherical_wrist_2_link.y_hat"
      ],
      "column_variations": {
        "joint_4": {
          "std": 0.23278174261205506,
          "range": 0.77528,
          "combined_score": 0.18047102941227403
        },
        "bracelet_link.z_hat": {
          "std": 0.20688497527586605,
          "range": 0.67964,
          "combined_score": 0.1406073045964896
        },
        "spherical_wrist_1_link.z_hat": {
          "std": 0.18290160842385414,
          "range": 0.59808,
          "combined_score": 0.10938979396613867
        },
        "spherical_wrist_1_link.y_hat": {
          "std": 0.12917143826799524,
          "range": 0.42274,
          "combined_score": 0.054605933813412305
        },
        "spherical_wrist_2_link.y_hat": {
          "std": 0.0993921312194316,
          "range": 0.32463,
          "combined_score": 0.03226566755776408
        }
      }
    },
    {
      "segment_id": 5,
      "filename": "trial4_joint_3_segment_005.csv",
      "start_time": "22.275",
      "end_time": "25.386",
      "duration_seconds": 3.1110000000000007,
      "sample_count": 62,
      "dominant_columns": [
        "joint_3",
        "bracelet_link.x_hat",
        "forearm_link.y_hat",
        "spherical_wrist_2_link.y_hat",
        "spherical_wrist_1_link.x_hat"
      ],
      "column_variations": {
        "joint_3": {
          "std": 0.12726750973889658,
          "range": 0.40815,
          "combined_score": 0.05194423409993064
        },
        "bracelet_link.x_hat": {
          "std": 0.12356629480300525,
          "range": 0.39137999999999995,
          "combined_score": 0.04836137646000019
        },
        "forearm_link.y_hat": {
          "std": 0.11811443850798282,
          "range": 0.37347,
          "combined_score": 0.04411219934957635
        },
        "spherical_wrist_2_link.y_hat": {
          "std": 0.1031582925536316,
          "range": 0.3267,
          "combined_score": 0.033701814177271444
        },
        "spherical_wrist_1_link.x_hat": {
          "std": 0.10142046292617013,
          "range": 0.32075999999999993,
          "combined_score": 0.032531627688198325
        }
      }
    },
    {
      "segment_id": 6,
      "filename": "trial4_joint_2_segment_006.csv",
      "start_time": "26.414",
      "end_time": "33.76",
      "duration_seconds": 7.3459999999999965,
      "sample_count": 145,
      "dominant_columns": [
        "joint_2",
        "spherical_wrist_2_link.z_hat",
        "half_arm_2_link.x_hat",
        "forearm_link.z_hat",
        "half_arm_2_link.y_hat"
      ],
      "column_variations": {
        "joint_2": {
          "std": 0.2986327463568714,
          "range": 0.99949,
          "combined_score": 0.29848044365622944
        },
        "spherical_wrist_2_link.z_hat": {
          "std": 0.25156957036246713,
          "range": 0.82606,
          "combined_score": 0.2078115592936196
        },
        "half_arm_2_link.x_hat": {
          "std": 0.22069911115738758,
          "range": 0.72743,
          "combined_score": 0.16054315442921846
        },
        "forearm_link.z_hat": {
          "std": 0.19629089047509501,
          "range": 0.64698,
          "combined_score": 0.12699628031957697
        },
        "half_arm_2_link.y_hat": {
          "std": 0.18047066106556106,
          "range": 0.59484,
          "combined_score": 0.10735116802823835
        }
      }
    },
    {
      "segment_id": 7,
      "filename": "trial4_joint_1_segment_007.csv",
      "start_time": "34.784",
      "end_time": "40.445",
      "duration_seconds": 5.661000000000001,
      "sample_count": 112,
      "dominant_columns": [
        "joint_1",
        "spherical_wrist_2_link.y_hat",
        "bracelet_link.x_hat",
        "half_arm_1_link.x_hat",
        "forearm_link.y_hat"
      ],
      "column_variations": {
        "joint_1": {
          "std": 0.230658337265298,
          "range": 0.76627,
          "combined_score": 0.1767465640962799
        },
        "spherical_wrist_2_link.y_hat": {
          "std": 0.22493079155010148,
          "range": 0.74546,
          "combined_score": 0.16767690786893866
        },
        "bracelet_link.x_hat": {
          "std": 0.21831735987224984,
          "range": 0.72351,
          "combined_score": 0.1579547930411715
        },
        "half_arm_1_link.x_hat": {
          "std": 0.21544015996797586,
          "range": 0.71285,
          "combined_score": 0.1535765180331716
        },
        "forearm_link.y_hat": {
          "std": 0.16215946341534568,
          "range": 0.5372999999999999,