{
  "total_segments": 14,
  "segments": [
    {
      "segment_id": 1,
      "filename": "trial1_joint_7_segment_001.csv",
      "start_time": "0.001",
      "end_time": "5.662",
      "duration_seconds": 5.661,
      "sample_count": 112,
      "dominant_columns": [
        "joint_7"
      ],
      "column_variations": {
        "joint_7": {
          "std": 0.20177881756003688,
          "range": 0.66834,
          "combined_score": 0.13485685492807506
        }
      }
    },
    {
      "segment_id": 2,
      "filename": "trial1_joint_6_segment_002.csv",
      "start_time": "6.708",
      "end_time": "15.481",
      "duration_seconds": 8.773,
      "sample_count": 173,
      "dominant_columns": [
        "joint_6",
        "bracelet_link.x_hat",
        "bracelet_link.z_hat",
        "half_arm_1_link.x",
        "shoulder_link.x"
      ],
      "column_variations": {
        "joint_6": {
          "std": 0.31180936589534175,
          "range": 1.05207,
          "combined_score": 0.3280452795775122
        },
        "bracelet_link.x_hat": {
          "std": 0.2618077097038673,
          "range": 0.86846,
          "combined_score": 0.22736952356942058
        },
        "bracelet_link.z_hat": {
          "std": 0.15763363434537817,
          "range": 0.50429,
          "combined_score": 0.07949306546403076
        },
        "half_arm_1_link.x": {
          "std": 0.043855451623277086,
          "range": 0.14548,
          "combined_score": 0.00638009110215435
        },
        "shoulder_link.x": {
          "std": 0.04385524475329361,
          "range": 0.14548,
          "combined_score": 0.006380061006709154
        }
      }
    },
    {
      "segment_id": 3,
      "filename": "trial1_joint_5_segment_003.csv",
      "start_time": "16.544",
      "end_time": "21.033",
      "duration_seconds": 4.489000000000001,
      "sample_count": 89,
      "dominant_columns": [
        "joint_5",
        "spherical_wrist_2_link.x_hat",
        "bracelet_link.y_hat",
        "spherical_wrist_2_link.y_hat",
        "bracelet_link.x_hat"
      ],
      "column_variations": {
        "joint_5": {
          "std": 0.1604653117001922,
          "range": 0.53008,
          "combined_score": 0.08505945242603788
        },
        "spherical_wrist_2_link.x_hat": {
          "std": 0.15445424687618625,
          "range": 0.50546,
          "combined_score": 0.0780704436260371
        },
        "bracelet_link.y_hat": {
          "std": 0.13413712782497547,
          "range": 0.43898,
          "combined_score": 0.05888351637260773
        },
        "spherical_wrist_2_link.y_hat": {
          "std": 0.043704555657442676,
          "range": 0.1372,
          "combined_score": 0.005996265036201135
        },
        "bracelet_link.x_hat": {
          "std": 0.037927654215494155,
          "range": 0.11905999999999994,
          "combined_score": 0.004515666510896732
        }
      }
    },
    {
      "segment_id": 4,
      "filename": "trial1_joint_4_segment_004.csv",
      "start_time": "22.087",
      "end_time": "25.249",
      "duration_seconds": 3.161999999999999,
      "sample_count": 63,
      "dominant_columns": [
        "joint_4",
        "spherical_wrist_1_link.x_hat",
        "bracelet_link.z_hat",
        "spherical_wrist_2_link.z_hat",
        "forearm_link.x"
      ],
      "column_variations": {
        "joint_4": {
          "std": 0.12939748645123517,
          "range": 0.41606000000000004,
          "combined_score": 0.05383711821290091
        },
        "spherical_wrist_1_link.x_hat": {
          "std": 0.1249179855352681,
          "range": 0.40357,
          "combined_score": 0.05041315142246815
        },
        "bracelet_link.z_hat": {
          "std": 0.10692923860388971,
          "range": 0.34477,
          "combined_score": 0.036865993593463056
        },
        "spherical_wrist_2_link.z_hat": {
          "std": 0.06314000287359531,
          "range": 0.20399,
          "combined_score": 0.012879929186184707
        },
        "forearm_link.x": {
          "std": 0.046288809691572,
          "range": 0.14964000000000002,
          "combined_score": 0.0069266574822468355
        }
      }
    },
    {
      "segment_id": 5,
      "filename": "trial1_joint_3_segment_005.csv",
      "start_time": "26.272",
      "end_time": "32.392",
      "duration_seconds": 6.1200000000000045,
      "sample_count": 121,
      "dominant_columns": [
        "joint_3",
        "bracelet_link.y_hat",
        "spherical_wrist_2_link.x_hat",
        "forearm_link.x_hat",
        "forearm_link.y_hat"
      ],
      "column_variations": {
        "joint_3": {
          "std": 0.24919387557373335,
          "range": 0.8300799999999999,
          "combined_score": 0.20685085223624455
        },
        "bracelet_link.y_hat": {
          "std": 0.24224032245684138,
          "range": 0.79579,
          "combined_score": 0.1927724262079298
        },
        "spherical_wrist_2_link.x_hat": {
          "std": 0.23943652111254735,
          "range": 0.78643,
          "combined_score": 0.1883000632985406
        },
        "forearm_link.x_hat": {
          "std": 0.2241557281660886,
          "range": 0.73733,
          "combined_score": 0.16527674304870213
        },
        "forearm_link.y_hat": {
          "std": 0.10307379291071034,
          "range": 0.32516999999999996,
          "combined_score": 0.03351650524077568
        }
      }
    },
    {
      "segment_id": 6,
      "filename": "trial1_joint_2_segment_006.csv",
      "start_time": "33.463",
      "end_time": "38.512",
      "duration_seconds": 5.0489999999999995,
      "sample_count": 100,
      "dominant_columns": [
        "joint_2",
        "half_arm_2_link.x_hat",
        "bracelet_link.z_hat",
        "spherical_wrist_1_link.x_hat",
        "forearm_link.z_hat"
      ],
      "column_variations": {
        "joint_2": {
          "std": 0.2058484210114056,
          "range": 0.6790999999999999,
          "combined_score": 0.13979166270884552
        },
        "half_arm_2_link.x_hat": {
          "std": 0.1920743488964625,
          "range": 0.6279,
          "combined_score": 0.1206034836720888
        },
        "bracelet_link.z_hat": {
          "std": 0.18728025336010806,
          "range": 0.61213,
          "combined_score": 0.11463986148932294
        },
        "spherical_wrist_1_link.x_hat": {
          "std": 0.1572289979145454,
          "range": 0.5137400000000001,
          "combined_score": 0.08077482538861856
        },
        "forearm_link.z_hat": {
          "std": 0.14177090257125644,
          "range": 0.46346,
          "combined_score": 0.06570514250567451
        }
      }
    },
    {
      "segment_id": 7,
      "filename": "trial1_joint_1_segment_007.csv",
      "start_time": "39.536",
      "end_time": "47.39",
      "duration_seconds": 7.853999999999999,
      "sample_count": 155,
      "dominant_columns": [
        "joint_1",
        "spherical_wrist_2_link.x_hat",
        "bracelet_link.y_hat",
        "forearm_link.x_hat",
        "half_arm_1_link.x_hat"
      ],
      "column_variations": {
        "joint_1": {
          "std": 0.3191467913786268,
          "range": 1.0698800000000002,
          "combined_score": 0.34144876916016526
        },
        "spherical_wrist_2_link.x_hat": {
          "std": 0.305881355329492,
          "range": 1.00797,
          "combined_score": 0.3083192297314681
        },
        "bracelet_link.y_hat": {
          "std": 0.27246304615570177,
          "range": 0.89777,
          "combined_score": 0.24460914894720437
        },
        "forearm_link.x_hat": {
          "std": 0.2707355178473796,
          "range": 0.8901999999999999,
          "combined_score": 0.24100875798773727
        },
        "half_arm_1_link.x_hat": {
          "std": 0.2662721941825478,
          "range": 0.8771,
          "combined_score": 0.23354734151751264
        }
      }
    },
    {
      "segment_id": 8,