{
  "total_segments": 14,
  "segments": [
    {
      "segment_id": 1,
      "filename": "trial2_joint_7_segment_001.csv",
      "start_time": "0.001",
      "end_time": "7.041",
      "duration_seconds": 7.04,
      "sample_count": 139,
      "dominant_columns": [
        "joint_7"
      ],
      "column_variations": {
        "joint_7": {
          "std": 0.2505851499403104,
          "range": 0.8396699999999999,
          "combined_score": 0.2104088328503804
        }
      }
    },
    {
      "segment_id": 2,
      "filename": "trial2_joint_6_segment_002.csv",
      "start_time": "8.108",
      "end_time": "11.729",
      "duration_seconds": 3.6209999999999987,
      "sample_count": 72,
      "dominant_columns": [
        "joint_6",
        "bracelet_link.x_hat",
        "bracelet_link.y_hat",
        "shoulder_link.x",
        "half_arm_1_link.x"
      ],
      "column_variations": {
        "joint_6": {
          "std": 0.12957981617669986,
          "range": 0.42075,
          "combined_score": 0.05452070765634647
        },
        "bracelet_link.x_hat": {
          "std": 0.09288536457173235,
          "range": 0.30264,
          "combined_score": 0.02811082673398908
        },
        "bracelet_link.y_hat": {
          "std": 0.08740579709619453,
          "range": 0.28467,
          "combined_score": 0.024881808259373694
        },
        "shoulder_link.x": {
          "std": 0.01556721054181539,
          "range": 0.05072,
          "combined_score": 0.0007895689186808765
        },
        "half_arm_1_link.x": {
          "std": 0.015567135976654455,
          "range": 0.05072,
          "combined_score": 0.0007895651367359139
        }
      }
    },
    {
      "segment_id": 3,
      "filename": "trial2_joint_5_segment_003.csv",
      "start_time": "12.741",
      "end_time": "15.395",
      "duration_seconds": 2.654,
      "sample_count": 53,
      "dominant_columns": [
        "joint_5",
        "spherical_wrist_2_link.x_hat",
        "spherical_wrist_2_link.y_hat",
        "bracelet_link.y_hat",
        "spherical_wrist_2_link.z_hat"
      ],
      "column_variations": {
        "joint_5": {
          "std": 0.09543681928584549,
          "range": 0.30669,
          "combined_score": 0.029269518106775957
        },
        "spherical_wrist_2_link.x_hat": {
          "std": 0.07917875035353343,
          "range": 0.25002,
          "combined_score": 0.01979627116339043
        },
        "spherical_wrist_2_link.y_hat": {
          "std": 0.05411846672274538,
          "range": 0.17179999999999995,
          "combined_score": 0.009297552582967654
        },
        "bracelet_link.y_hat": {
          "std": 0.014099582833075714,
          "range": 0.04452000000000002,
          "combined_score": 0.000627713427728531
        },
        "spherical_wrist_2_link.z_hat": {
          "std": 0.011062127462916231,
          "range": 0.03499,
          "combined_score": 0.00038706383992743895
        }
      }
    },
    {
      "segment_id": 4,
      "filename": "trial2_joint_4_segment_004.csv",
      "start_time": "16.465",
      "end_time": "23.453",
      "duration_seconds": 6.9879999999999995,
      "sample_count": 138,
      "dominant_columns": [
        "joint_4",
        "bracelet_link.z_hat",
        "spherical_wrist_1_link.x_hat",
        "bracelet_link.x_hat",
        "spherical_wrist_1_link.z_hat"
      ],
      "column_variations": {
        "joint_4": {
          "std": 0.2841935953465323,
          "range": 0.9505800000000001,
          "combined_score": 0.2701487478645067
        },
        "bracelet_link.z_hat": {
          "std": 0.19507266020964154,
          "range": 0.63415,
          "combined_score": 0.12370532747194418
        },
        "spherical_wrist_1_link.x_hat": {
          "std": 0.18948483179002376,
          "range": 0.62313,
          "combined_score": 0.1180736832333175
        },
        "bracelet_link.x_hat": {
          "std": 0.16374908712394626,
          "range": 0.53695,
          "combined_score": 0.08792507233120295
        },
        "spherical_wrist_1_link.z_hat": {
          "std": 0.15833928663233135,
          "range": 0.50934,
          "combined_score": 0.08064853225331166
        }
      }
    },
    {
      "segment_id": 5,
      "filename": "trial2_joint_3_segment_005.csv",
      "start_time": "24.502",
      "end_time": "31.031",
      "duration_seconds": 6.529,
      "sample_count": 129,
      "dominant_columns": [
        "joint_3",
        "forearm_link.x_hat",
        "spherical_wrist_2_link.x_hat",
        "bracelet_link.y_hat",
        "spherical_wrist_1_link.y_hat"
      ],
      "column_variations": {
        "joint_3": {
          "std": 0.26565537474058576,
          "range": 0.88575,
          "combined_score": 0.23530424817647386
        },
        "forearm_link.x_hat": {
          "std": 0.2561715592344758,
          "range": 0.84094,
          "combined_score": 0.2154249110226401
        },
        "spherical_wrist_2_link.x_hat": {
          "std": 0.2553107944662797,
          "range": 0.8383700000000001,
          "combined_score": 0.2140449107566949
        },
        "bracelet_link.y_hat": {
          "std": 0.25403418467709554,
          "range": 0.83413,
          "combined_score": 0.21189753446470572
        },
        "spherical_wrist_1_link.y_hat": {
          "std": 0.24194168722806353,
          "range": 0.7943100000000001,
          "combined_score": 0.19217670158212316
        }
      }
    },
    {
      "segment_id": 6,
      "filename": "trial2_joint_2_segment_006.csv",
      "start_time": "32.077",
      "end_time": "36.77",
      "duration_seconds": 4.693000000000005,
      "sample_count": 93,
      "dominant_columns": [
        "joint_2",
        "spherical_wrist_2_link.z_hat",
        "forearm_link.z_hat",
        "half_arm_2_link.x_hat",
        "half_arm_2_link.y_hat"
      ],
      "column_variations": {
        "joint_2": {
          "std": 0.19146631217060922,
          "range": 0.6306799999999999,
          "combined_score": 0.12075397375975981
        },
        "spherical_wrist_2_link.z_hat": {
          "std": 0.16014318158300364,
          "range": 0.52778,
          "combined_score": 0.08452036837587766
        },
        "forearm_link.z_hat": {
          "std": 0.14603865114143236,
          "range": 0.48129,
          "combined_score": 0.07028694240785997
        },
        "half_arm_2_link.x_hat": {
          "std": 0.119709506365447,
          "range": 0.39452,
          "combined_score": 0.04722779445129615
        },
        "half_arm_2_link.y_hat": {
          "std": 0.11592141051526472,
          "range": 0.38203000000000004,
          "combined_score": 0.04428545645914658
        }
      }
    },
    {
      "segment_id": 7,
      "filename": "trial2_joint_1_segment_007.csv",
      "start_time": "37.816",
      "end_time": "45.823",
      "duration_seconds": 8.006999999999998,
      "sample_count": 158,
      "dominant_columns": [
        "joint_1",
        "half_arm_1_link.y_hat",
        "bracelet_link.y_hat",
        "spherical_wrist_1_link.y_hat",
        "spherical_wrist_2_link.x_hat"
      ],
      "column_variations": {
        "joint_1": {
          "std": 0.3253619746685517,
          "range": 1.09263,
          "combined_score": 0.35550025438209965
        },
        "half_arm_1_link.y_hat": {
          "std": 0.304945046943745,
          "range": 1.00534,
          "combined_score": 0.3065734534944246
        },
        "bracelet_link.y_hat": {
          "std": 0.2826171819682571,
          "range": 0.9329400000000001,
          "combined_score": 0.26366487374546577
        },
        "spherical_wrist_1_link.y_hat": {
          "std": 0.2577847908470051,
          "range": 0.8504499999999999,
          "combined_score": 0.21923307537583547
        },
        "spherical_wrist_2_link.x_hat": {
          "std": 0.25350036939179116,
          "range": 0.83674,